Bandwidth,NSS,Modulation,codingRate,Datarate,receiversensitivity
20,1,BPSK,0.500000,6.500000,-95.621656
80,1,BPSK,0.500000,29.300000,-89.082056
160,1,BPSK,0.500000,58.500000,-86.079756
40,1,BPSK,0.500000,13.500000,-92.447356
20,1,QPSK,0.500000,13.000000,-89.601656
160,1,QPSK,0.500000,117.000000,-80.058756
80,1,QPSK,0.500000,58.500000,-83.069056
40,1,QPSK,0.500000,27.000000,-86.427356
20,1,QPSK,0.750000,19.500000,-87.840656
160,1,QPSK,0.750000,175.500000,-78.297756
80,1,QPSK,0.750000,87.800000,-81.306056
40,1,QPSK,0.750000,40.500000,-84.666356
40,1,16QAM,0.500000,54.000000,-82.357356
20,1,16QAM,0.500000,26.000000,-85.531656
160,1,16QAM,0.500000,234.000000,-75.988756
80,1,16QAM,0.500000,117.000000,-78.999056
40,1,16QAM,0.750000,81.000000,-80.596356
20,1,16QAM,0.750000,39.000000,-83.770656
160,1,16QAM,0.750000,351.000000,-74.228756
80,1,16QAM,0.750000,175.500000,-77.239056
20,1,64QAM,0.666667,52.000000,-78.214656
40,1,64QAM,0.666667,108.000000,-75.040356
80,1,64QAM,0.666667,234.000000,-71.683056
160,1,64QAM,0.666667,468.000000,-68.672756
20,1,64QAM,0.750000,58.500000,-77.703656
40,1,64QAM,0.750000,121.500000,-74.529356
80,1,64QAM,0.750000,263.300000,-71.170056
160,1,64QAM,0.750000,526.500000,-68.160756
20,1,64QAM,0.833333,65.000000,-77.245656
40,1,64QAM,0.833333,135.000000,-74.071356
80,1,64QAM,0.833333,292.500000,-70.714056
160,1,64QAM,0.833333,585.000000,-67.703756
20,1,256QAM,0.750000,78.000000,-71.774656
20,1,BPSK,0.500000,7.200000,-95.177656
20,1,QPSK,0.500000,14.400000,-89.156656
20,1,QPSK,0.750000,21.700000,-87.375656
40,1,256QAM,0.750000,162.000000,-68.600356
80,1,256QAM,0.750000,351.000000,-65.242056
160,1,256QAM,0.750000,702.000000,-62.231756
20,1,16QAM,0.500000,28.900000,-85.072656
20,1,16QAM,0.750000,43.300000,-83.316656
20,1,64QAM,0.666667,57.800000,-77.755656
20,1,64QAM,0.750000,65.000000,-77.245656
20,1,64QAM,0.833333,72.200000,-76.789656
40,1,256QAM,0.833333,180.000000,-68.142356
40,1,BPSK,0.500000,15.000000,-91.990356
40,1,QPSK,0.500000,30.000000,-85.969356
40,1,QPSK,0.750000,45.000000,-84.208356
40,1,16QAM,0.500000,60.000000,-81.899356
80,1,256QAM,0.833333,390.000000,-64.785056
80,1,BPSK,0.500000,32.500000,-88.632056
80,1,QPSK,0.500000,65.000000,-82.611056
160,1,256QAM,0.833333,780.000000,-61.774756
160,1,BPSK,0.500000,65.000000,-85.621756
80,1,QPSK,0.750000,97.500000,-80.851056
160,1,QPSK,0.500000,130.000000,-79.600756
160,1,QPSK,0.750000,195.000000,-77.840756
40,1,16QAM,0.750000,90.000000,-80.139356
80,1,16QAM,0.500000,130.000000,-78.542056
160,1,16QAM,0.500000,260.000000,-75.531756
80,1,16QAM,0.750000,195.000000,-76.781056
160,1,16QAM,0.750000,390.000000,-73.770756
40,1,64QAM,0.666667,120.000000,-74.583356
160,1,64QAM,0.666667,520.000000,-68.214756
80,1,64QAM,0.666667,260.000000,-71.225056
40,1,64QAM,0.750000,135.000000,-74.071356
160,1,64QAM,0.750000,585.000000,-67.703756
80,1,64QAM,0.750000,292.500000,-70.714056
20,1,256QAM,0.750000,86.700000,-71.314656
20,2,BPSK,0.500000,13.000000,-95.621656
20,2,QPSK,0.500000,26.000000,-89.601656
20,2,QPSK,0.750000,39.000000,-87.840656
40,1,64QAM,0.833333,150.000000,-73.614356
20,2,16QAM,0.500000,52.000000,-85.531656
160,1,64QAM,0.833333,650.000000,-67.245756
80,1,64QAM,0.833333,325.000000,-70.256056
20,2,16QAM,0.750000,78.000000,-83.770656
20,2,64QAM,0.666667,104.000000,-78.214656
20,2,64QAM,0.750000,117.000000,-77.703656
20,2,64QAM,0.833333,130.000000,-77.245656
40,1,256QAM,0.750000,180.000000,-68.142356
160,1,256QAM,0.750000,780.000000,-61.774756
80,1,256QAM,0.750000,390.000000,-64.785056
20,2,256QAM,0.750000,156.000000,-71.774656
20,2,BPSK,0.500000,14.400000,-95.177656
20,2,QPSK,0.500000,28.900000,-89.141656
20,2,QPSK,0.750000,43.300000,-87.385656
20,2,16QAM,0.500000,57.800000,-85.072656
40,1,256QAM,0.833333,200.000000,-67.685356
40,2,BPSK,0.500000,27.000000,-92.447356
40,2,QPSK,0.500000,54.000000,-86.427356
20,2,16QAM,0.750000,86.700000,-83.311656
40,2,QPSK,0.750000,81.000000,-84.666356
160,1,256QAM,0.833333,866.700000,-61.316756
160,2,BPSK,0.500000,117.000000,-86.079756
160,2,QPSK,0.500000,234.000000,-80.058756
160,2,QPSK,0.750000,351.000000,-78.297756
40,2,16QAM,0.500000,108.000000,-82.357356
80,1,256QAM,0.833333,433.300000,-64.327056
80,2,BPSK,0.500000,58.500000,-89.090056
80,2,QPSK,0.500000,117.000000,-83.069056
160,2,16QAM,0.500000,468.000000,-75.988756
80,2,QPSK,0.750000,175.500000,-81.308056
40,2,16QAM,0.750000,162.000000,-80.596356
80,2,16QAM,0.500000,234.000000,-78.999056
160,2,16QAM,0.750000,702.000000,-74.228756
80,2,16QAM,0.750000,351.000000,-77.239056
20,2,64QAM,0.666667,115.600000,-77.755656
40,2,64QAM,0.666667,216.000000,-75.040356
160,2,64QAM,0.666667,936.000000,-68.672756
80,2,64QAM,0.666667,468.000000,-71.683056
20,2,64QAM,0.750000,130.000000,-77.245656
40,2,64QAM,0.750000,243.000000,-74.529356
160,2,64QAM,0.750000,1053.000000,-68.160756
80,2,64QAM,0.750000,526.500000,-71.171056
20,2,64QAM,0.833333,144.400000,-76.789656
40,2,64QAM,0.833333,270.000000,-74.071356
160,2,64QAM,0.833333,1170.000000,-67.703756
80,2,64QAM,0.833333,585.000000,-70.714056
20,2,256QAM,0.750000,173.300000,-71.317656
20,3,BPSK,0.500000,19.500000,-95.621656
20,3,QPSK,0.500000,39.000000,-89.601656
20,3,QPSK,0.750000,58.500000,-87.840656
20,3,16QAM,0.500000,78.000000,-85.531656
160,2,256QAM,0.750000,1404.000000,-62.231756
40,2,256QAM,0.750000,324.000000,-68.600356
20,3,16QAM,0.750000,117.000000,-83.770656
80,2,256QAM,0.750000,702.000000,-65.242056
20,3,64QAM,0.666667,156.000000,-78.214656
20,3,64QAM,0.750000,175.500000,-77.703656
20,3,64QAM,0.833333,195.000000,-77.245656
40,2,256QAM,0.833333,360.000000,-68.142356
40,2,BPSK,0.500000,30.000000,-91.990356
40,2,QPSK,0.500000,60.000000,-85.969356
160,2,256QAM,0.833333,1560.000000,-61.774756
40,2,QPSK,0.750000,90.000000,-84.208356
160,2,BPSK,0.500000,130.000000,-85.621756
160,2,QPSK,0.500000,260.000000,-79.600756
160,2,QPSK,0.750000,390.000000,-77.840756
40,2,16QAM,0.500000,120.000000,-81.899356
160,2,16QAM,0.500000,520.000000,-75.531756
40,2,16QAM,0.750000,180.000000,-80.139356
160,2,16QAM,0.750000,780.000000,-73.770756
80,2,256QAM,0.833333,780.000000,-64.785056
80,2,BPSK,0.500000,65.000000,-88.632056
80,2,QPSK,0.500000,130.000000,-82.611056
80,2,QPSK,0.750000,195.000000,-80.851056
80,2,16QAM,0.500000,260.000000,-78.542056
80,2,16QAM,0.750000,390.000000,-76.781056
40,2,64QAM,0.666667,240.000000,-74.583356
160,2,64QAM,0.666667,1040.000000,-68.214756
80,2,64QAM,0.666667,520.000000,-71.225056
40,2,64QAM,0.750000,270.000000,-74.071356
160,2,64QAM,0.750000,1170.000000,-67.703756
20,3,256QAM,0.750000,234.000000,-71.774656
80,2,64QAM,0.750000,585.000000,-70.714056
40,2,64QAM,0.833333,300.000000,-73.614356
160,2,64QAM,0.833333,1300.000000,-67.245756
80,2,64QAM,0.833333,650.000000,-70.256056
20,3,256QAM,0.750000,260.000000,-71.316656
20,3,BPSK,0.500000,21.700000,-95.157656
20,3,QPSK,0.500000,43.300000,-89.146656
20,3,QPSK,0.750000,65.000000,-87.382656
20,3,16QAM,0.500000,86.700000,-85.072656
40,2,256QAM,0.750000,360.000000,-68.142356
160,2,256QAM,0.750000,1560.000000,-61.774756
20,3,16QAM,0.750000,130.000000,-83.312656
80,2,256QAM,0.750000,780.000000,-64.785056
20,3,64QAM,0.666667,173.300000,-77.758656
20,3,64QAM,0.750000,195.000000,-77.245656
20,3,64QAM,0.833333,216.700000,-76.787656
40,2,256QAM,0.833333,400.000000,-67.685356
40,3,BPSK,0.500000,40.500000,-92.447356
40,3,QPSK,0.500000,81.000000,-86.427356
40,3,QPSK,0.750000,121.500000,-84.666356
160,2,256QAM,0.833333,1733.300000,-61.316756
160,3,BPSK,0.500000,175.500000,-86.079756
160,3,QPSK,0.500000,351.000000,-80.058756
160,3,QPSK,0.750000,526.500000,-78.297756
40,3,16QAM,0.500000,162.000000,-82.357356
160,3,16QAM,0.500000,702.000000,-75.988756
40,3,16QAM,0.750000,243.000000,-80.596356
160,3,16QAM,0.750000,1053.000000,-74.228756
80,2,256QAM,0.833333,866.700000,-64.327056
80,3,BPSK,0.500000,87.800000,-89.087056
80,3,QPSK,0.500000,175.500000,-83.069056
80,3,QPSK,0.750000,263.300000,-81.307056
80,3,16QAM,0.500000,351.000000,-78.999056
40,3,64QAM,0.666667,324.000000,-75.040356
80,3,16QAM,0.750000,526.500000,-77.239056
160,3,64QAM,0.666667,1404.000000,-68.672756
40,3,64QAM,0.750000,364.500000,-74.529356
80,3,64QAM,0.666667,702.000000,-71.683056
160,3,64QAM,0.750000,1579.500000,-68.160756
20,3,256QAM,0.750000,260.000000,-71.316656
40,3,64QAM,0.833333,405.000000,-74.071356
80,3,64QAM,0.833333,877.500000,-70.714056
160,3,64QAM,0.833333,1755.000000,-67.703756
20,3,256QAM,0.750000,288.900000,-70.858656
20,4,BPSK,0.500000,26.000000,-95.621656
20,4,QPSK,0.500000,52.000000,-89.601656
20,4,QPSK,0.750000,78.000000,-87.840656
20,4,16QAM,0.500000,104.000000,-85.531656
20,4,16QAM,0.750000,156.000000,-83.770656
40,3,256QAM,0.750000,486.000000,-68.600356
160,3,256QAM,0.750000,2106.000000,-62.231756
160,3,BPSK,0.500000,195.000000,-85.621756
160,3,QPSK,0.500000,390.000000,-79.600756
160,3,QPSK,0.750000,585.000000,-77.840756
80,3,256QAM,0.750000,1053.000000,-65.242056
160,3,16QAM,0.500000,780.000000,-75.531756
160,3,16QAM,0.750000,1170.000000,-73.770756
20,4,64QAM,0.666667,208.000000,-78.214656
160,3,64QAM,0.666667,1560.000000,-68.214756
20,4,64QAM,0.750000,234.000000,-77.703656
160,3,64QAM,0.750000,1755.000000,-67.703756
20,4,64QAM,0.833333,260.000000,-77.245656
160,3,64QAM,0.833333,1950.000000,-67.245756
40,3,256QAM,0.833333,540.000000,-68.142356
40,3,BPSK,0.500000,45.000000,-91.990356
40,3,QPSK,0.500000,90.000000,-85.969356
40,3,QPSK,0.750000,135.000000,-84.208356
40,3,16QAM,0.500000,180.000000,-81.899356
80,3,256QAM,0.833333,1170.000000,-64.785056
80,3,BPSK,0.500000,97.500000,-88.632056
80,3,QPSK,0.500000,195.000000,-82.611056
80,3,QPSK,0.750000,292.500000,-80.851056
40,3,16QAM,0.750000,270.000000,-80.139356
80,3,16QAM,0.500000,390.000000,-78.542056
80,3,16QAM,0.750000,585.000000,-76.781056
40,3,64QAM,0.666667,360.000000,-74.583356
80,3,64QAM,0.666667,780.000000,-71.225056
40,3,64QAM,0.750000,405.500000,-74.066356
80,3,64QAM,0.833333,975.000000,-70.256056
20,4,256QAM,0.750000,312.000000,-71.774656
20,4,BPSK,0.500000,28.900000,-95.162656
20,4,QPSK,0.500000,57.800000,-89.141656
20,4,QPSK,0.750000,86.700000,-87.380656
20,4,16QAM,0.500000,115.600000,-85.072656
40,3,64QAM,0.833333,450.000000,-73.614356
20,4,16QAM,0.750000,173.300000,-83.313656
160,3,256QAM,0.750000,2340.000000,-61.774756
160,4,BPSK,0.500000,234.000000,-86.079756
160,4,QPSK,0.500000,468.000000,-80.058756
160,4,QPSK,0.750000,702.000000,-78.297756
160,4,16QAM,0.500000,936.000000,-75.988756
160,4,16QAM,0.750000,1404.000000,-74.228756
20,4,64QAM,0.666667,231.100000,-77.757656
160,4,64QAM,0.666667,1872.000000,-68.672756
20,4,64QAM,0.750000,260.000000,-77.245656
160,4,64QAM,0.750000,2106.000000,-68.160756
80,3,256QAM,0.750000,1170.000000,-64.785056
20,4,64QAM,0.833333,288.900000,-76.787656
40,3,256QAM,0.750000,540.000000,-68.142356
160,4,64QAM,0.833333,2340.000000,-67.703756
20,4,256QAM,0.750000,346.700000,-71.316656
20,5,BPSK,0.500000,32.500000,-95.621656
20,5,QPSK,0.500000,65.000000,-89.601656
20,5,QPSK,0.750000,97.500000,-87.840656
80,3,256QAM,0.833333,1300.000000,-64.327056
80,4,BPSK,0.500000,117.000000,-89.090056
80,4,QPSK,0.500000,234.000000,-83.069056
80,4,QPSK,0.750000,351.000000,-81.308056
20,5,16QAM,0.500000,130.000000,-85.531656
80,4,16QAM,0.500000,468.000000,-78.999056
20,5,16QAM,0.750000,195.000000,-83.770656
80,4,16QAM,0.750000,702.000000,-77.239056
40,3,256QAM,0.833333,600.000000,-67.685356
40,4,BPSK,0.500000,54.000000,-92.447356
40,4,QPSK,0.500000,108.000000,-86.427356
40,4,QPSK,0.750000,162.000000,-84.666356
160,4,256QAM,0.750000,2808.000000,-62.231756
40,4,16QAM,0.500000,216.000000,-82.357356
40,4,16QAM,0.750000,324.000000,-80.596356
20,5,64QAM,0.666667,260.000000,-78.214656
80,4,64QAM,0.666667,936.000000,-71.683056
20,5,64QAM,0.750000,292.500000,-77.703656
40,4,64QAM,0.666667,432.000000,-75.040356
80,4,64QAM,0.750000,1053.000000,-71.171056
20,5,64QAM,0.833333,325.000000,-77.245656
40,4,64QAM,0.750000,486.500000,-74.524356
80,4,64QAM,0.833333,1170.000000,-70.714056
40,4,64QAM,0.833333,540.000000,-74.071356
160,4,256QAM,0.833333,3120.000000,-61.774756
160,4,BPSK,0.500000,260.000000,-85.621756
160,4,QPSK,0.500000,520.000000,-79.600756
160,4,QPSK,0.750000,780.000000,-77.840756
160,4,16QAM,0.500000,1040.000000,-75.531756
160,4,16QAM,0.750000,1560.000000,-73.770756
160,4,64QAM,0.666667,2080.000000,-68.214756
20,5,256QAM,0.750000,390.000000,-71.774656
20,5,BPSK,0.500000,36.100000,-95.165656
20,5,QPSK,0.500000,72.200000,-89.144656
20,5,QPSK,0.750000,108.300000,-87.383656
80,4,256QAM,0.750000,1404.000000,-65.242056
20,5,16QAM,0.500000,144.400000,-85.075656
160,4,64QAM,0.750000,2340.000000,-67.703756
20,5,16QAM,0.750000,216.700000,-83.312656
40,4,256QAM,0.750000,648.000000,-68.600356
160,4,64QAM,0.833333,2600.000000,-67.245756
20,5,64QAM,0.666667,288.900000,-77.757656
20,5,64QAM,0.750000,325.000000,-77.245656
20,5,64QAM,0.833333,361.100000,-76.788656
80,4,256QAM,0.833333,1560.000000,-64.785056
80,4,BPSK,0.500000,130.000000,-88.632056
80,4,QPSK,0.500000,260.000000,-82.611056
80,4,QPSK,0.750000,390.000000,-80.851056
80,4,16QAM,0.500000,520.000000,-78.542056
80,4,16QAM,0.750000,780.000000,-76.781056
40,4,256QAM,0.833333,720.000000,-68.142356
40,4,BPSK,0.500000,60.000000,-91.990356
40,4,QPSK,0.500000,120.000000,-85.969356
40,4,QPSK,0.750000,180.000000,-84.208356
40,4,16QAM,0.500000,240.000000,-81.899356
160,4,256QAM,0.750000,3120.000000,-61.774756
40,4,16QAM,0.750000,360.000000,-80.139356
80,4,64QAM,0.666667,1040.000000,-71.225056
40,4,64QAM,0.666667,480.000000,-74.583356
80,4,64QAM,0.750000,1170.000000,-70.714056
20,5,256QAM,0.750000,433.300000,-71.316656
20,6,BPSK,0.500000,39.000000,-95.621656
20,6,QPSK,0.500000,78.000000,-89.601656
20,6,QPSK,0.750000,117.000000,-87.840656
20,6,16QAM,0.500000,156.000000,-85.531656
40,4,64QAM,0.750000,540.000000,-74.071356
20,6,16QAM,0.750000,234.000000,-83.770656
80,4,64QAM,0.833333,1300.000000,-70.256056
40,4,64QAM,0.833333,600.000000,-73.614356
20,6,64QAM,0.666667,312.000000,-78.214656
160,4,256QAM,0.833333,3466.700000,-61.316756
160,5,BPSK,0.500000,292.500000,-86.079756
160,5,QPSK,0.500000,585.000000,-80.058756
160,5,QPSK,0.750000,877.500000,-78.297756
160,5,16QAM,0.500000,1170.000000,-75.988756
20,6,64QAM,0.750000,351.000000,-77.703656
160,5,16QAM,0.750000,1755.000000,-74.228756
20,6,64QAM,0.833333,390.000000,-77.245656
160,5,64QAM,0.666667,2340.000000,-68.672756
80,4,256QAM,0.750000,1560.000000,-64.785056
160,5,64QAM,0.750000,2632.500000,-68.160756
40,4,256QAM,0.750000,720.000000,-68.142356
160,5,64QAM,0.833333,2925.000000,-67.703756
20,6,256QAM,0.750000,468.000000,-71.774656
80,4,256QAM,0.833333,1733.300000,-64.327056
80,5,BPSK,0.500000,146.300000,-89.088056
80,5,QPSK,0.500000,292.500000,-83.069056
80,5,QPSK,0.750000,438.800000,-81.308056
80,5,16QAM,0.500000,585.000000,-78.999056
40,4,256QAM,0.833333,800.000000,-67.685356
80,5,16QAM,0.750000,877.500000,-77.239056
40,5,BPSK,0.500000,67.500000,-92.447356
40,5,QPSK,0.500000,135.000000,-86.427356
40,5,QPSK,0.750000,202.500000,-84.666356
40,5,16QAM,0.500000,270.000000,-82.357356
160,5,256QAM,0.750000,3510.000000,-62.231756
40,5,16QAM,0.750000,405.000000,-80.596356
80,5,64QAM,0.666667,1170.000000,-71.683056
40,5,64QAM,0.666667,540.000000,-75.040356
20,6,256QAM,0.750000,520.000000,-71.316656
20,6,BPSK,0.500000,43.300000,-95.167656
20,6,QPSK,0.500000,86.700000,-89.141656
20,6,QPSK,0.750000,130.000000,-87.382656
80,5,64QAM,0.750000,1316.300000,-71.171056
20,6,16QAM,0.500000,173.300000,-85.074656
20,6,16QAM,0.750000,260.000000,-83.312656
40,5,64QAM,0.750000,607.500000,-74.529356
80,5,64QAM,0.833333,1462.500000,-70.714056
20,6,64QAM,0.666667,346.700000,-77.756656
40,5,64QAM,0.833333,675.000000,-74.071356
160,5,256QAM,0.833333,3900.000000,-61.774756
160,5,BPSK,0.500000,325.000000,-85.621756
160,5,QPSK,0.500000,650.000000,-79.600756
160,5,QPSK,0.750000,975.000000,-77.840756
20,6,64QAM,0.750000,390.000000,-77.245656
160,5,16QAM,0.500000,1300.000000,-75.531756
160,5,16QAM,0.750000,1950.000000,-73.770756
20,6,64QAM,0.833333,433.300000,-76.788656
160,5,64QAM,0.666667,2600.000000,-68.214756
80,5,256QAM,0.750000,1755.000000,-65.242056
160,5,64QAM,0.750000,2925.000000,-67.703756
40,5,256QAM,0.750000,810.000000,-68.600356
160,5,64QAM,0.833333,3250.000000,-67.245756
20,6,256QAM,0.750000,520.000000,-71.316656
80,5,256QAM,0.833333,1950.000000,-64.785056
80,5,BPSK,0.500000,162.500000,-88.632056
80,5,QPSK,0.500000,325.000000,-82.611056
80,5,QPSK,0.750000,487.500000,-80.851056
40,5,256QAM,0.833333,900.000000,-68.142356
40,5,BPSK,0.500000,75.000000,-91.990356
40,5,QPSK,0.500000,150.000000,-85.969356
40,5,QPSK,0.750000,225.500000,-84.199356
80,5,16QAM,0.500000,650.000000,-78.542056
40,5,16QAM,0.500000,300.000000,-81.899356
80,5,16QAM,0.750000,975.000000,-76.781056
40,5,16QAM,0.750000,450.000000,-80.139356
160,5,256QAM,0.750000,3900.000000,-61.774756
80,5,64QAM,0.666667,1300.000000,-71.225056
40,5,64QAM,0.666667,600.000000,-74.583356
20,6,256QAM,0.750000,577.800000,-70.858656
20,7,BPSK,0.500000,45.500000,-95.621656
20,7,QPSK,0.500000,91.000000,-89.601656
20,7,QPSK,0.750000,136.500000,-87.840656
40,5,64QAM,0.750000,675.000000,-74.071356
80,5,64QAM,0.750000,1462.500000,-70.714056
20,7,16QAM,0.500000,182.000000,-85.531656
20,7,16QAM,0.750000,273.000000,-83.770656
40,5,64QAM,0.833333,750.000000,-73.614356
80,5,64QAM,0.833333,1625.000000,-70.256056
20,7,64QAM,0.666667,364.000000,-78.214656
20,7,64QAM,0.750000,409.500000,-77.703656
160,5,256QAM,0.833333,4333.300000,-61.316756
160,6,BPSK,0.500000,351.000000,-86.079756
160,6,QPSK,0.500000,702.000000,-80.058756
160,6,QPSK,0.750000,1053.000000,-78.297756
160,6,16QAM,0.500000,1404.000000,-75.988756
160,6,16QAM,0.750000,2106.000000,-74.228756
20,7,64QAM,0.833333,455.000000,-77.245656
160,6,64QAM,0.666667,2808.000000,-68.672756
40,5,256QAM,0.750000,900.000000,-68.142356
80,5,256QAM,0.750000,1950.000000,-64.785056
160,6,64QAM,0.750000,3159.000000,-68.160756
160,6,64QAM,0.833333,3510.000000,-67.703756
20,7,256QAM,0.750000,546.000000,-71.774656
20,7,BPSK,0.500000,50.600000,-95.160656
20,7,QPSK,0.500000,101.100000,-89.143656
20,7,QPSK,0.750000,151.700000,-87.381656
20,7,16QAM,0.500000,202.200000,-85.074656
20,7,16QAM,0.750000,303.300000,-83.313656
20,7,64QAM,0.666667,404.400000,-77.757656
80,5,256QAM,0.833333,2166.700000,-64.327056
40,5,256QAM,0.833333,1000.000000,-67.685356
80,6,BPSK,0.500000,175.500000,-89.090056
40,6,BPSK,0.500000,81.000000,-92.447356
80,6,QPSK,0.500000,351.000000,-83.069056
40,6,QPSK,0.500000,162.000000,-86.427356
80,6,QPSK,0.750000,526.500000,-81.308056
40,6,QPSK,0.750000,243.000000,-84.666356
80,6,16QAM,0.500000,702.000000,-78.999056
40,6,16QAM,0.500000,324.000000,-82.357356
80,6,16QAM,0.750000,1053.000000,-77.239056
40,6,16QAM,0.750000,486.000000,-80.596356
20,7,64QAM,0.750000,455.000000,-77.245656
160,6,256QAM,0.750000,4212.000000,-62.231756
80,6,64QAM,0.666667,1404.000000,-71.683056
40,6,64QAM,0.666667,648.000000,-75.040356
20,7,64QAM,0.833333,505.600000,-76.787656
40,6,64QAM,0.750000,729.000000,-74.529356
80,6,64QAM,0.750000,1579.500000,-71.171056
40,6,64QAM,0.833333,810.000000,-74.071356
80,6,64QAM,0.833333,1755.000000,-70.714056
160,6,256QAM,0.833333,4680.000000,-61.774756
160,6,BPSK,0.500000,390.000000,-85.621756
160,6,QPSK,0.500000,780.000000,-79.600756
160,6,QPSK,0.750000,1170.000000,-77.840756
160,6,16QAM,0.500000,1560.000000,-75.531756
20,7,256QAM,0.750000,606.700000,-71.316656
20,8,BPSK,0.500000,52.000000,-95.621656
20,8,QPSK,0.500000,104.000000,-89.601656
20,8,QPSK,0.750000,156.000000,-87.840656
160,6,16QAM,0.750000,2340.000000,-73.770756
20,8,16QAM,0.500000,208.000000,-85.531656
20,8,16QAM,0.750000,312.000000,-83.770656
160,6,64QAM,0.666667,3120.000000,-68.214756
40,6,256QAM,0.750000,972.000000,-68.600356
20,8,64QAM,0.666667,416.000000,-78.214656
80,6,256QAM,0.750000,2106.000000,-65.242056
80,6,BPSK,0.500000,195.000000,-88.632056
80,6,QPSK,0.500000,390.000000,-82.611056
80,6,QPSK,0.750000,585.000000,-80.851056
80,6,16QAM,0.500000,780.000000,-78.542056
80,6,16QAM,0.750000,1170.000000,-76.781056
160,6,64QAM,0.750000,3510.000000,-67.703756
20,8,64QAM,0.750000,468.000000,-77.703656
80,6,64QAM,0.666667,1560.000000,-71.225056
160,6,64QAM,0.833333,3900.000000,-67.245756
20,8,64QAM,0.833333,520.000000,-77.245656
80,6,64QAM,0.750000,1755.000000,-70.714056
80,6,64QAM,0.833333,1950.000000,-70.256056
40,6,256QAM,0.833333,1080.000000,-68.142356
40,6,BPSK,0.500000,90.000000,-91.990356
40,6,QPSK,0.500000,180.000000,-85.969356
40,6,QPSK,0.750000,270.000000,-84.208356
40,6,16QAM,0.500000,360.000000,-81.899356
40,6,16QAM,0.750000,540.000000,-80.139356
40,6,64QAM,0.666667,720.000000,-74.583356
160,6,256QAM,0.750000,4680.000000,-61.774756
20,8,256QAM,0.750000,624.000000,-71.774656
20,8,BPSK,0.500000,57.800000,-95.162656
20,8,QPSK,0.500000,115.600000,-89.141656
20,8,QPSK,0.750000,173.300000,-87.383656
20,8,16QAM,0.500000,231.100000,-85.074656
40,6,64QAM,0.750000,810.000000,-74.071356
20,8,16QAM,0.750000,346.700000,-83.312656
20,8,64QAM,0.666667,462.200000,-77.757656
40,6,64QAM,0.833333,900.000000,-73.614356
80,6,256QAM,0.750000,2340.000000,-64.785056
80,7,BPSK,0.500000,204.800000,-89.089056
80,7,QPSK,0.500000,409.500000,-83.069056
80,7,QPSK,0.750000,614.300000,-81.308056
80,7,16QAM,0.500000,819.000000,-78.999056
80,7,16QAM,0.750000,1228.500000,-77.239056
20,8,64QAM,0.750000,520.000000,-77.245656
80,7,64QAM,0.666667,1638.000000,-71.683056
160,6,256QAM,0.833333,5200.000000,-61.316756
160,7,BPSK,0.500000,409.500000,-86.079756
20,8,64QAM,0.833333,577.800000,-76.787656
160,7,QPSK,0.500000,819.000000,-80.058756
160,7,QPSK,0.750000,1228.500000,-78.297756
160,7,16QAM,0.500000,1638.000000,-75.988756
160,7,16QAM,0.750000,2457.000000,-74.228756
80,7,64QAM,0.833333,2047.500000,-70.714056
160,7,64QAM,0.666667,3276.000000,-68.672756
40,6,256QAM,0.750000,1080.000000,-68.142356
160,7,64QAM,0.750000,3685.500000,-68.160756
160,7,64QAM,0.833333,4095.000000,-67.703756
20,8,256QAM,0.750000,693.300000,-71.316656
80,7,256QAM,0.750000,2457.000000,-65.242056
40,6,256QAM,0.833333,1200.000000,-67.685356
40,7,BPSK,0.500000,94.500000,-92.447356
40,7,QPSK,0.500000,189.000000,-86.427356
40,7,QPSK,0.750000,283.500000,-84.666356
40,7,16QAM,0.500000,378.000000,-82.357356
40,7,16QAM,0.750000,567.000000,-80.596356
40,7,64QAM,0.666667,756.000000,-75.040356
160,7,256QAM,0.750000,4914.000000,-62.231756
80,7,256QAM,0.833333,2730.000000,-64.785056
80,7,BPSK,0.500000,227.500000,-88.632056
40,7,64QAM,0.750000,850.500000,-74.529356
80,7,QPSK,0.500000,455.000000,-82.611056
80,7,QPSK,0.750000,682.500000,-80.851056
80,7,16QAM,0.500000,910.000000,-78.542056
80,7,16QAM,0.750000,1365.000000,-76.781056
40,7,64QAM,0.833333,945.000000,-74.071356
80,7,64QAM,0.666667,1820.000000,-71.225056
80,7,64QAM,0.833333,2275.000000,-70.256056
160,7,256QAM,0.833333,5460.000000,-61.774756
160,7,BPSK,0.500000,455.000000,-85.621756
160,7,QPSK,0.500000,910.000000,-79.600756
160,7,QPSK,0.750000,1365.000000,-77.840756
160,7,16QAM,0.500000,1820.000000,-75.531756
160,7,16QAM,0.750000,2730.000000,-73.770756
160,7,64QAM,0.666667,3640.000000,-68.214756
40,7,256QAM,0.750000,1134.000000,-68.600356
160,7,64QAM,0.750000,4095.000000,-67.703756
80,7,256QAM,0.750000,2730.000000,-64.785056
160,7,64QAM,0.833333,4550.000000,-67.245756
40,7,256QAM,0.833333,1260.000000,-68.142356
40,7,BPSK,0.500000,105.000000,-91.990356
40,7,QPSK,0.500000,210.000000,-85.969356
40,7,QPSK,0.750000,315.000000,-84.208356
40,7,16QAM,0.500000,420.000000,-81.899356
40,7,16QAM,0.750000,630.000000,-80.139356
40,7,64QAM,0.666667,840.000000,-74.583356
80,7,256QAM,0.833333,3033.300000,-64.327056
80,8,BPSK,0.500000,234.000000,-89.090056
80,8,QPSK,0.500000,468.000000,-83.069056
80,8,QPSK,0.750000,702.000000,-81.308056
80,8,16QAM,0.500000,936.000000,-78.999056
160,7,256QAM,0.750000,5460.000000,-61.774756
80,8,16QAM,0.750000,1404.000000,-77.239056
40,7,64QAM,0.750000,945.000000,-74.071356
80,8,64QAM,0.666667,1872.000000,-71.683056
40,7,64QAM,0.833333,1050.000000,-73.614356
80,8,64QAM,0.750000,2106.000000,-71.171056
80,8,64QAM,0.833333,2340.000000,-70.714056
160,7,256QAM,0.833333,6066.700000,-61.316756
160,8,BPSK,0.500000,468.000000,-86.079756
160,8,QPSK,0.500000,936.000000,-80.058756
160,8,QPSK,0.750000,1404.000000,-78.297756
160,8,16QAM,0.500000,1872.000000,-75.988756
160,8,16QAM,0.750000,2808.000000,-74.228756
40,7,256QAM,0.750000,1260.000000,-68.142356
160,8,64QAM,0.666667,3744.000000,-68.672756
160,8,64QAM,0.750000,4212.000000,-68.160756
80,8,256QAM,0.750000,2808.000000,-65.242056
160,8,64QAM,0.833333,4680.000000,-67.703756
40,7,256QAM,0.833333,1400.000000,-67.685356
40,8,BPSK,0.500000,108.000000,-92.447356
40,8,QPSK,0.500000,216.000000,-86.427356
40,8,QPSK,0.750000,324.000000,-84.666356
40,8,16QAM,0.500000,432.000000,-82.357356
40,8,16QAM,0.750000,648.000000,-80.596356
80,8,256QAM,0.833333,3120.000000,-64.785056
80,8,BPSK,0.500000,260.000000,-88.632056
80,8,QPSK,0.500000,520.000000,-82.611056
80,8,QPSK,0.750000,780.000000,-80.851056
40,8,64QAM,0.666667,864.000000,-75.040356
80,8,16QAM,0.500000,1040.000000,-78.542056
80,8,16QAM,0.750000,1560.000000,-76.781056
160,8,256QAM,0.750000,5616.000000,-62.231756
40,8,64QAM,0.750000,972.000000,-74.529356
80,8,64QAM,0.666667,2080.000000,-71.225056
40,8,64QAM,0.833333,1080.000000,-74.071356
80,8,64QAM,0.750000,2340.000000,-70.714056
80,8,64QAM,0.833333,2600.000000,-70.256056
160,8,256QAM,0.833333,6240.000000,-61.774756
160,8,BPSK,0.500000,520.000000,-85.621756
160,8,QPSK,0.500000,1040.000000,-79.600756
160,8,QPSK,0.750000,1560.000000,-77.840756
160,8,16QAM,0.500000,2080.000000,-75.531756
160,8,16QAM,0.750000,3120.000000,-73.770756
160,8,64QAM,0.666667,4160.000000,-68.214756
40,8,256QAM,0.750000,1296.000000,-68.600356
160,8,64QAM,0.750000,4680.000000,-67.703756
80,8,256QAM,0.750000,3120.000000,-64.785056
160,8,64QAM,0.833333,5200.000000,-67.245756
40,8,256QAM,0.833333,1440.000000,-68.142356
40,8,BPSK,0.500000,120.000000,-91.990356
40,8,QPSK,0.500000,240.000000,-85.969356
40,8,QPSK,0.750000,360.000000,-84.208356
40,8,16QAM,0.500000,480.000000,-81.899356
40,8,16QAM,0.750000,720.000000,-80.139356
40,8,64QAM,0.666667,960.000000,-74.583356
160,8,256QAM,0.750000,6240.000000,-61.774756
80,8,256QAM,0.833333,3466.700000,-64.327056
40,8,64QAM,0.750000,1080.000000,-74.071356
40,8,64QAM,0.833333,1200.000000,-73.614356
160,8,256QAM,0.833333,6933.300000,-61.316756
40,8,256QAM,0.750000,1440.000000,-68.142356
40,8,256QAM,0.833333,1600.000000,-67.685356
